"TreeID","TreeName","LocalEasting","LocalNorthing"
1,"10",,
2,"101",,
3,"102",,
4,"103",,
5,"105",,
6,"109",,
7,"11",,
8,"118",,
9,"119",,
10,"120",,
11,"122",,
12,"124",,
13,"126",,
14,"127",,
15,"128",,
16,"16",,
17,"24",,
18,"27",,
19,"28",,
20,"29",,
21,"32",,
22,"34",,
23,"35",,
24,"41",,
25,"42",,
26,"43",,
27,"45",,
28,"47",,
29,"50",,
30,"59",,
31,"61",,
32,"62",,
33,"64",,
34,"66",,
35,"67",,
36,"69",,
37,"70",,
38,"72",,
39,"73",,
40,"74",,
41,"75",,
42,"76",,
43,"77",,
44,"78",,
45,"79",,
46,"80",,
47,"82",,
48,"83",,
49,"86",,
50,"91",,
51,"92",,
52,"93",,
53,"97",,
54,"98",,
55,"99",,
56,"B15",,
57,"C11",,
58,"C3",,
59,"C8",,
60,"C9",,
61,"D15",,
62,"D2",,
63,"D3",,
64,"D6",,
65,"D7",,
66,"D8",,
67,"D9",,
68,"E11",,
69,"E2",,
70,"E3",,
71,"E4",,
72,"E5",,
73,"E6",,
74,"E9",,
75,"F11",,
76,"F12",,
77,"F3",,
78,"F4",,
79,"F5",,
80,"F8",,
81,"G10",,
82,"G13",,
83,"G17",,
84,"G3",,
85,"G4",,
86,"G5",,
87,"G7",,
88,"H12",,
89,"H13",,
90,"H5",,
91,"H9",,
92,"I14",,
93,"I15",,
94,"I16",,
95,"I6",,
96,"J10",,
97,"J11",,
98,"J15",,
99,"J16",,
100,"J17",,
101,"j4",,
102,"J5",,
103,"J7",,
104,"J8",,
105,"NW",,
110,"SPIN",,
111,"WEST",,
112,"NORT",,
116,"60",,
117,"S ",,
118,"05",,
119,"EAST",,
120,"1000",,
121,"F13",,
122,"J12",,
123,"37",,
124,"58",,
125,"G12",,
126,"55",,
127,"I11",,
128,"H14",,
129,"89",,
130,"56",,
131,"3",,
132,"03",,
133,"02",,
134,"84",,
135,"36",,
136,"22",,
137,"G2",,
138,"68",,
139,"G11",,
140,"13",,
141,"65",,
142,"09",,
143,"I5",,
144,"F6",,
145,"08",,
146,"57",,
147,"123",,
148,"117",,
149,"87",,
150,"E12",,
151,"A14",,
152,"C4",,
153,"C7",,
154,"C5",,
155,"71",,
156,"E7",,
157,"I4",,
158,"44",,
159,"J3",,
160,"E8",,
161,"E15",,
162,"F01",,
163,"12",,
164,"94",,
165,"J13",,
166,"G9",,
167,"I13",,
168,"I3",,
169,"F1",,
170,"19",,
171,"20",,
172,"15",,
